<Anims>
 <anim name="idle" root="ster" numframes="1000" framerate="40">
  <frame idx="0" w="149" h="323" x="54.783699" y="-102.811340">
   <element name="ster" layername="star" frame="0" z_index="2" m_a="0.722017" m_b="-0.691875" m_c="0.691875" m_d="0.722017" m_tx="-0.119264" m_ty="-6.010121"/>
  </frame>
  <frame idx="25" w="149" h="323" x="54.783699" y="-102.811340">
   <element name="ster" layername="star" frame="0" z_index="2" m_a="0.722017" m_b="-0.691875" m_c="0.691875" m_d="0.722017" m_tx="-0.119264" m_ty="-6.010121"/>
  </frame>
  <frame idx="50" w="149" h="323" x="54.783699" y="-102.811340">
   <element name="ster" layername="star" frame="0" z_index="2" m_a="0.722017" m_b="-0.691875" m_c="0.691875" m_d="0.722017" m_tx="-0.119264" m_ty="-6.010121"/>
  </frame>
  <frame idx="75" w="149" h="323" x="54.783699" y="-102.811340">
   <element name="ster" layername="star" frame="0" z_index="2" m_a="0.722017" m_b="-0.691875" m_c="0.691875" m_d="0.722017" m_tx="-0.119264" m_ty="-6.010121"/>
  </frame>
  <frame idx="100" w="149" h="323" x="54.783699" y="-102.811340">
   <element name="ster" layername="star" frame="0" z_index="2" m_a="0.722017" m_b="-0.691875" m_c="0.691875" m_d="0.722017" m_tx="-0.119264" m_ty="-6.010121"/>
  </frame>
  <frame idx="125" w="149" h="323" x="54.783699" y="-102.811340">
   <element name="ster" layername="star" frame="0" z_index="2" m_a="0.722017" m_b="-0.691875" m_c="0.691875" m_d="0.722017" m_tx="-0.119264" m_ty="-6.010121"/>
  </frame>
  <frame idx="150" w="149" h="323" x="54.783699" y="-102.811340">
   <element name="ster" layername="star" frame="0" z_index="2" m_a="0.722017" m_b="-0.691875" m_c="0.691875" m_d="0.722017" m_tx="-0.119264" m_ty="-6.010121"/>
  </frame>
  <frame idx="175" w="149" h="323" x="54.783699" y="-102.811340">
   <element name="ster" layername="star" frame="0" z_index="2" m_a="0.722017" m_b="-0.691875" m_c="0.691875" m_d="0.722017" m_tx="-0.119264" m_ty="-6.010121"/>
  </frame>
  <frame idx="200" w="149" h="323" x="54.783699" y="-102.811340">
   <element name="ster" layername="star" frame="0" z_index="2" m_a="0.722017" m_b="-0.691875" m_c="0.691875" m_d="0.722017" m_tx="-0.119264" m_ty="-6.010121"/>
  </frame>
  <frame idx="225" w="149" h="323" x="54.783699" y="-102.811340">
   <element name="ster" layername="star" frame="0" z_index="2" m_a="0.722017" m_b="-0.691875" m_c="0.691875" m_d="0.722017" m_tx="-0.119264" m_ty="-6.010121"/>
  </frame>
  <frame idx="250" w="149" h="323" x="54.783699" y="-102.811340">
   <element name="ster" layername="star" frame="0" z_index="2" m_a="0.722017" m_b="-0.691875" m_c="0.691875" m_d="0.722017" m_tx="-0.119264" m_ty="-6.010121"/>
  </frame>
  <frame idx="275" w="149" h="323" x="54.783699" y="-102.811340">
   <element name="ster" layername="star" frame="0" z_index="2" m_a="0.722017" m_b="-0.691875" m_c="0.691875" m_d="0.722017" m_tx="-0.119264" m_ty="-6.010121"/>
  </frame>
  <frame idx="300" w="149" h="323" x="54.783699" y="-102.811340">
   <element name="ster" layername="star" frame="0" z_index="2" m_a="0.722017" m_b="-0.691875" m_c="0.691875" m_d="0.722017" m_tx="-0.119264" m_ty="-6.010121"/>
  </frame>
  <frame idx="325" w="149" h="323" x="54.783699" y="-102.811340">
   <element name="ster" layername="star" frame="0" z_index="2" m_a="0.722017" m_b="-0.691875" m_c="0.691875" m_d="0.722017" m_tx="-0.119264" m_ty="-6.010121"/>
  </frame>
  <frame idx="350" w="149" h="323" x="54.783699" y="-102.811340">
   <element name="ster" layername="star" frame="0" z_index="2" m_a="0.722017" m_b="-0.691875" m_c="0.691875" m_d="0.722017" m_tx="-0.119264" m_ty="-6.010121"/>
  </frame>
  <frame idx="375" w="149" h="323" x="54.783699" y="-102.811340">
   <element name="ster" layername="star" frame="0" z_index="2" m_a="0.722017" m_b="-0.691875" m_c="0.691875" m_d="0.722017" m_tx="-0.119264" m_ty="-6.010121"/>
  </frame>
  <frame idx="400" w="149" h="323" x="54.783699" y="-102.811340">
   <element name="ster" layername="star" frame="0" z_index="2" m_a="0.722017" m_b="-0.691875" m_c="0.691875" m_d="0.722017" m_tx="-0.119264" m_ty="-6.010121"/>
  </frame>
  <frame idx="425" w="149" h="323" x="54.783699" y="-102.811340">
   <element name="ster" layername="star" frame="0" z_index="2" m_a="0.722017" m_b="-0.691875" m_c="0.691875" m_d="0.722017" m_tx="-0.119264" m_ty="-6.010121"/>
  </frame>
  <frame idx="450" w="149" h="323" x="54.783699" y="-102.811340">
   <element name="ster" layername="star" frame="0" z_index="2" m_a="0.722017" m_b="-0.691875" m_c="0.691875" m_d="0.722017" m_tx="-0.119264" m_ty="-6.010121"/>
  </frame>
  <frame idx="475" w="149" h="323" x="54.783699" y="-102.811340">
   <element name="ster" layername="star" frame="0" z_index="2" m_a="0.722017" m_b="-0.691875" m_c="0.691875" m_d="0.722017" m_tx="-0.119264" m_ty="-6.010121"/>
  </frame>
  <frame idx="500" w="149" h="323" x="54.783699" y="-102.811340">
   <element name="ster" layername="star" frame="0" z_index="2" m_a="0.722017" m_b="-0.691875" m_c="0.691875" m_d="0.722017" m_tx="-0.119264" m_ty="-6.010121"/>
  </frame>
  <frame idx="525" w="149" h="323" x="54.783699" y="-102.811340">
   <element name="ster" layername="star" frame="0" z_index="2" m_a="0.722017" m_b="-0.691875" m_c="0.691875" m_d="0.722017" m_tx="-0.119264" m_ty="-6.010121"/>
  </frame>
  <frame idx="550" w="149" h="323" x="54.783699" y="-102.811340">
   <element name="ster" layername="star" frame="0" z_index="2" m_a="0.722017" m_b="-0.691875" m_c="0.691875" m_d="0.722017" m_tx="-0.119264" m_ty="-6.010121"/>
  </frame>
  <frame idx="575" w="149" h="323" x="54.783699" y="-102.811340">
   <element name="ster" layername="star" frame="0" z_index="2" m_a="0.722017" m_b="-0.691875" m_c="0.691875" m_d="0.722017" m_tx="-0.119264" m_ty="-6.010121"/>
  </frame>
  <frame idx="600" w="149" h="323" x="54.783699" y="-102.811340">
   <element name="ster" layername="star" frame="0" z_index="2" m_a="0.722017" m_b="-0.691875" m_c="0.691875" m_d="0.722017" m_tx="-0.119264" m_ty="-6.010121"/>
  </frame>
  <frame idx="625" w="149" h="323" x="54.783699" y="-102.811340">
   <element name="ster" layername="star" frame="0" z_index="2" m_a="0.722017" m_b="-0.691875" m_c="0.691875" m_d="0.722017" m_tx="-0.119264" m_ty="-6.010121"/>
  </frame>
  <frame idx="650" w="149" h="323" x="54.783699" y="-102.811340">
   <element name="ster" layername="star" frame="0" z_index="2" m_a="0.722017" m_b="-0.691875" m_c="0.691875" m_d="0.722017" m_tx="-0.119264" m_ty="-6.010121"/>
  </frame>
  <frame idx="675" w="149" h="323" x="54.783699" y="-102.811340">
   <element name="ster" layername="star" frame="0" z_index="2" m_a="0.722017" m_b="-0.691875" m_c="0.691875" m_d="0.722017" m_tx="-0.119264" m_ty="-6.010121"/>
  </frame>
  <frame idx="700" w="149" h="323" x="54.783699" y="-102.811340">
   <element name="ster" layername="star" frame="0" z_index="2" m_a="0.722017" m_b="-0.691875" m_c="0.691875" m_d="0.722017" m_tx="-0.119264" m_ty="-6.010121"/>
  </frame>
  <frame idx="725" w="149" h="323" x="54.783699" y="-102.811340">
   <element name="ster" layername="star" frame="0" z_index="2" m_a="0.722017" m_b="-0.691875" m_c="0.691875" m_d="0.722017" m_tx="-0.119264" m_ty="-6.010121"/>
  </frame>
  <frame idx="750" w="149" h="323" x="54.783699" y="-102.811340">
   <element name="ster" layername="star" frame="0" z_index="2" m_a="0.722017" m_b="-0.691875" m_c="0.691875" m_d="0.722017" m_tx="-0.119264" m_ty="-6.010121"/>
  </frame>
  <frame idx="775" w="149" h="323" x="54.783699" y="-102.811340">
   <element name="ster" layername="star" frame="0" z_index="2" m_a="0.722017" m_b="-0.691875" m_c="0.691875" m_d="0.722017" m_tx="-0.119264" m_ty="-6.010121"/>
  </frame>
  <frame idx="800" w="149" h="323" x="54.783699" y="-102.811340">
   <element name="ster" layername="star" frame="0" z_index="2" m_a="0.722017" m_b="-0.691875" m_c="0.691875" m_d="0.722017" m_tx="-0.119264" m_ty="-6.010121"/>
  </frame>
  <frame idx="825" w="149" h="323" x="54.783699" y="-102.811340">
   <element name="ster" layername="star" frame="0" z_index="2" m_a="0.722017" m_b="-0.691875" m_c="0.691875" m_d="0.722017" m_tx="-0.119264" m_ty="-6.010121"/>
  </frame>
  <frame idx="850" w="149" h="323" x="54.783699" y="-102.811340">
   <element name="ster" layername="star" frame="0" z_index="2" m_a="0.722017" m_b="-0.691875" m_c="0.691875" m_d="0.722017" m_tx="-0.119264" m_ty="-6.010121"/>
  </frame>
  <frame idx="875" w="149" h="323" x="54.783699" y="-102.811340">
   <element name="ster" layername="star" frame="0" z_index="2" m_a="0.722017" m_b="-0.691875" m_c="0.691875" m_d="0.722017" m_tx="-0.119264" m_ty="-6.010121"/>
  </frame>
  <frame idx="900" w="149" h="323" x="54.783699" y="-102.811340">
   <element name="ster" layername="star" frame="0" z_index="2" m_a="0.722017" m_b="-0.691875" m_c="0.691875" m_d="0.722017" m_tx="-0.119264" m_ty="-6.010121"/>
  </frame>
  <frame idx="925" w="149" h="323" x="54.783699" y="-102.811340">
   <element name="ster" layername="star" frame="0" z_index="2" m_a="0.722017" m_b="-0.691875" m_c="0.691875" m_d="0.722017" m_tx="-0.119264" m_ty="-6.010121"/>
  </frame>
  <frame idx="950" w="149" h="323" x="54.783699" y="-102.811340">
   <element name="ster" layername="star" frame="0" z_index="2" m_a="0.722017" m_b="-0.691875" m_c="0.691875" m_d="0.722017" m_tx="-0.119264" m_ty="-6.010121"/>
  </frame>
  <frame idx="975" w="149" h="323" x="54.783699" y="-102.811340">
   <element name="ster" layername="star" frame="0" z_index="2" m_a="0.722017" m_b="-0.691875" m_c="0.691875" m_d="0.722017" m_tx="-0.119264" m_ty="-6.010121"/>
  </frame>
 </anim>
 <anim name="spin_loop" root="ster" numframes="650" framerate="40">
  <frame idx="0" w="149" h="151" x="-1.070190" y="-1.203041">
   <element name="swap_ster" layername="star" frame="0" z_index="2" m_a="1.000000" m_b="0.000000" m_c="0.000000" m_d="1.000000" m_tx="-0.627566" m_ty="0.344733"/>
  </frame>
  <frame idx="25" w="163" h="200" x="12.831993" y="-18.563339">
   <element name="swap_ster" layername="star" frame="0" z_index="2" m_a="0.972454" m_b="-0.233097" m_c="0.233097" m_d="0.972454" m_tx="-0.627566" m_ty="0.344733"/>
  </frame>
  <frame idx="50" w="174" h="242" x="22.304588" y="-38.685974">
   <element name="swap_ster" layername="star" frame="0" z_index="2" m_a="0.891332" m_b="-0.453351" m_c="0.453351" m_d="0.891332" m_tx="-0.627566" m_ty="0.344733"/>
  </frame>
  <frame idx="75" w="179" h="275" x="26.825737" y="-60.462326">
   <element name="swap_ster" layername="star" frame="0" z_index="2" m_a="0.761105" m_b="-0.648629" m_c="0.648629" m_d="0.761105" m_tx="-0.627566" m_ty="0.344733"/>
  </frame>
  <frame idx="100" w="179" h="297" x="26.146347" y="-82.692688">
   <element name="swap_ster" layername="star" frame="0" z_index="2" m_a="0.588946" m_b="-0.808173" m_c="0.808173" m_d="0.588946" m_tx="-0.627566" m_ty="0.344733"/>
  </frame>
  <frame idx="125" w="172" h="307" x="20.303856" y="-104.152321">
   <element name="swap_ster" layername="star" frame="0" z_index="2" m_a="0.384340" m_b="-0.923192" m_c="0.923192" m_d="0.384340" m_tx="-0.627566" m_ty="0.344733"/>
  </frame>
  <frame idx="150" w="160" h="305" x="9.620140" y="-123.658951">
   <element name="swap_ster" layername="star" frame="0" z_index="2" m_a="0.158560" m_b="-0.987349" m_c="0.987349" m_d="0.158560" m_tx="-0.627566" m_ty="0.344733"/>
  </frame>
  <frame idx="175" w="167" h="313" x="-5.330307" y="-140.150192">
   <element name="swap_ster" layername="star" frame="0" z_index="2" m_a="-0.076152" m_b="-0.997096" m_c="0.997096" m_d="-0.076152" m_tx="-0.627566" m_ty="0.344733"/>
  </frame>
  <frame idx="200" w="214" h="354" x="-23.744972" y="-152.714050">
   <element name="swap_ster" layername="star" frame="0" z_index="2" m_a="-0.306996" m_b="-0.951711" m_c="0.951711" m_d="-0.306996" m_tx="-0.627566" m_ty="0.344733"/>
  </frame>
  <frame idx="225" w="253" h="380" x="-44.585320" y="-160.627991">
   <element name="swap_ster" layername="star" frame="0" z_index="2" m_a="-0.520849" m_b="-0.853649" m_c="0.853649" m_d="-0.520849" m_tx="-0.627566" m_ty="0.344733"/>
  </frame>
  <frame idx="250" w="283" h="389" x="-66.697830" y="-163.453964">
   <element name="swap_ster" layername="star" frame="0" z_index="2" m_a="-0.705872" m_b="-0.708339" m_c="0.708339" m_d="-0.705872" m_tx="-0.627566" m_ty="0.344733"/>
  </frame>
  <frame idx="275" w="301" h="381" x="-88.858627" y="-161.035614">
   <element name="swap_ster" layername="star" frame="0" z_index="2" m_a="-0.851827" m_b="-0.523823" m_c="0.523823" m_d="-0.851827" m_tx="-0.627566" m_ty="0.344733"/>
  </frame>
  <frame idx="300" w="307" h="357" x="-109.841171" y="-153.506714">
   <element name="swap_ster" layername="star" frame="0" z_index="2" m_a="-0.950634" m_b="-0.310314" m_c="0.310314" m_d="-0.950634" m_tx="-0.627566" m_ty="0.344733"/>
  </frame>
  <frame idx="325" w="300" h="316" x="-128.484024" y="-141.284058">
   <element name="swap_ster" layername="star" frame="0" z_index="2" m_a="-0.996825" m_b="-0.079630" m_c="0.079630" m_d="-0.996825" m_tx="-0.627566" m_ty="0.344733"/>
  </frame>
  <frame idx="350" w="327" h="308" x="-143.802673" y="-124.980110">
   <element name="swap_ster" layername="star" frame="0" z_index="2" m_a="-0.987711" m_b="0.156292" m_c="-0.156292" m_d="-0.987711" m_tx="-0.627566" m_ty="0.344733"/>
  </frame>
  <frame idx="375" w="363" h="311" x="-154.886520" y="-105.504654">
   <element name="swap_ster" layername="star" frame="0" z_index="2" m_a="-0.923389" m_b="0.383866" m_c="-0.383866" m_d="-0.923389" m_tx="-0.627566" m_ty="0.344733"/>
  </frame>
  <frame idx="400" w="384" h="300" x="-161.086975" y="-83.970993">
   <element name="swap_ster" layername="star" frame="0" z_index="2" m_a="-0.807424" m_b="0.589972" m_c="-0.589972" m_d="-0.807424" m_tx="-0.627566" m_ty="0.344733"/>
  </frame>
  <frame idx="425" w="388" h="277" x="-162.057281" y="-61.583389">
   <element name="swap_ster" layername="star" frame="0" z_index="2" m_a="-0.646301" m_b="0.763082" m_c="-0.763082" m_d="-0.646301" m_tx="-0.627566" m_ty="0.344733"/>
  </frame>
  <frame idx="450" w="373" h="242" x="-157.743164" y="-39.594025">
   <element name="swap_ster" layername="star" frame="0" z_index="2" m_a="-0.449033" m_b="0.893515" m_c="-0.893515" m_d="-0.449033" m_tx="-0.627566" m_ty="0.344733"/>
  </frame>
  <frame idx="475" w="343" h="198" x="-148.385910" y="-19.232643">
   <element name="swap_ster" layername="star" frame="0" z_index="2" m_a="-0.226652" m_b="0.973976" m_c="-0.973976" m_d="-0.226652" m_tx="-0.627566" m_ty="0.344733"/>
  </frame>
  <frame idx="500" w="299" h="150" x="-134.508789" y="-1.637978">
   <element name="swap_ster" layername="star" frame="0" z_index="2" m_a="0.008406" m_b="0.999965" m_c="-0.999965" m_d="0.008406" m_tx="-0.627566" m_ty="0.344733"/>
  </frame>
  <frame idx="525" w="310" h="165" x="-117.016617" y="12.127342">
   <element name="swap_ster" layername="star" frame="0" z_index="2" m_a="0.241450" m_b="0.970413" m_c="-0.970413" m_d="0.241450" m_tx="-0.627566" m_ty="0.344733"/>
  </frame>
  <frame idx="550" w="306" h="175" x="-96.795792" y="21.432213">
   <element name="swap_ster" layername="star" frame="0" z_index="2" m_a="0.461171" m_b="0.887311" m_c="-0.887311" m_d="0.461171" m_tx="-0.627566" m_ty="0.344733"/>
  </frame>
  <frame idx="575" w="292" h="181" x="-74.962219" y="25.763130">
   <element name="swap_ster" layername="star" frame="0" z_index="2" m_a="0.655443" m_b="0.755244" m_c="-0.755244" m_d="0.655443" m_tx="-0.627566" m_ty="0.344733"/>
  </frame>
  <frame idx="600" w="264" h="180" x="-52.720711" y="24.881111">
   <element name="swap_ster" layername="star" frame="0" z_index="2" m_a="0.813546" m_b="0.581501" m_c="-0.581501" m_d="0.813546" m_tx="-0.627566" m_ty="0.344733"/>
  </frame>
  <frame idx="625" w="227" h="173" x="-31.298691" y="18.834831">
   <element name="swap_ster" layername="star" frame="0" z_index="2" m_a="0.926754" m_b="0.375669" m_c="-0.375669" m_d="0.926754" m_tx="-0.627566" m_ty="0.344733"/>
  </frame>
 </anim>
</Anims>
